{
    "climate": {
        "scores": {
            "Energy and Industry": 28.235938649413463,
            "Land Use and Agriculture": 4.623555383387659,
            "Governance and Policy (Causes)": 13.109277815588579,
            "Personal Consumption": 5.548673262644097,
            "Ecosystem Disruption": 17.27943197893548,
            "Extreme Weather Events": 24.312374188436905,
            "Health Risks": 10.87912851470894,
            "Economic Impact": 11.905570945299386,
            "Displacement and Migration": 1.8156456516587114,
            "Technological Solutions": 12.651341519399866,
            "Governance and Policy (Solutions)": 13.47318891637172,
            "Adaptation and Resilience": 2.181770051329088,
            "Lifestyle Solutions": 1.1380911213299079,
            "Nature-Based Solutions": 4.846012001496183
        },
        "comment_scores": {
            "Energy and Industry": 34.80127495542485,
            "Land Use and Agriculture": 6.45094710342868,
            "Governance and Policy (Causes)": 11.95745717486932,
            "Personal Consumption": 12.34509510325015,
            "Ecosystem Disruption": 12.852442101659275,
            "Extreme Weather Events": 17.91561417819098,
            "Health Risks": 7.17917881756165,
            "Economic Impact": 13.434977296474404,
            "Displacement and Migration": 2.9173233824224827,
            "Technological Solutions": 13.131538914719616,
            "Governance and Policy (Solutions)": 12.238504341610627,
            "Adaptation and Resilience": 1.6394315665868942,
            "Lifestyle Solutions": 3.353655204147855,
            "Nature-Based Solutions": 1.7825598596531802
        },
        "num_of_sub": 160
    },
    "climatechange": {
        "scores": {
            "Energy and Industry": 19.78011583419651,
            "Land Use and Agriculture": 6.607422590302334,
            "Governance and Policy (Causes)": 12.181663884230053,
            "Personal Consumption": 6.586991924404527,
            "Ecosystem Disruption": 19.506101870208678,
            "Extreme Weather Events": 45.046088761432515,
            "Health Risks": 10.752899366430544,
            "Economic Impact": 7.814960068315103,
            "Displacement and Migration": 6.107559267392484,
            "Technological Solutions": 13.106016191378451,
            "Governance and Policy (Solutions)": 12.473682957899273,
            "Adaptation and Resilience": 2.196535136169837,
            "Lifestyle Solutions": 2.116474272947245,
            "Nature-Based Solutions": 5.7234878746924505
        },
        "comment_scores": {
            "Energy and Industry": 31.243680253080946,
            "Land Use and Agriculture": 5.873761818385815,
            "Governance and Policy (Causes)": 9.702355760884043,
            "Personal Consumption": 11.964613911307964,
            "Ecosystem Disruption": 21.933262363093288,
            "Extreme Weather Events": 43.13804952628396,
            "Health Risks": 6.1323596334542225,
            "Economic Impact": 13.919594100100484,
            "Displacement and Migration": 4.05938233181357,
            "Technological Solutions": 17.555171877532757,
            "Governance and Policy (Solutions)": 8.72334284465312,
            "Adaptation and Resilience": 2.8904765903491065,
            "Lifestyle Solutions": 3.1393455120380573,
            "Nature-Based Solutions": 4.724603477022644
        },
        "num_of_sub": 199
    },
    "climateskeptics": {
        "scores": {
            "Energy and Industry": 1.7927944920707524,
            "Land Use and Agriculture": 0.7416522804066515,
            "Governance and Policy (Causes)": 2.6611590923352244,
            "Personal Consumption": 0.12270114942528736,
            "Ecosystem Disruption": 0.7210886965424169,
            "Extreme Weather Events": 2.5791037287496055,
            "Health Risks": 0.23223228382141226,
            "Economic Impact": 1.130684542760148,
            "Displacement and Migration": 0.10714285714285714,
            "Technological Solutions": 1.0537850173081016,
            "Governance and Policy (Solutions)": 2.71428808339525,
            "Adaptation and Resilience": 0.05452761424165966,
            "Lifestyle Solutions": 1.028735632183908,
            "Nature-Based Solutions": 0.06010452961672474
        },
        "comment_scores": {
            "Energy and Industry": 7.268769273881609,
            "Land Use and Agriculture": 0.7987743950039031,
            "Governance and Policy (Causes)": 4.228649580914895,
            "Personal Consumption": 4.126341468988528,
            "Ecosystem Disruption": 3.0185659125758972,
            "Extreme Weather Events": 8.698052409442678,
            "Health Risks": 1.4695429080723197,
            "Economic Impact": 2.141315070615519,
            "Displacement and Migration": 1.8454814233385661,
            "Technological Solutions": 4.574096597938844,
            "Governance and Policy (Solutions)": 4.434964834288972,
            "Adaptation and Resilience": 0.2845238095238095,
            "Lifestyle Solutions": 0.8689024305374323,
            "Nature-Based Solutions": 0.24201988487702775
        },
        "num_of_sub": 45
    },
    "climateactionplan": {
        "scores": {
            "Energy and Industry": 4.796769896769897,
            "Land Use and Agriculture": 1.3270076644666808,
            "Governance and Policy (Causes)": 1.8219388262011214,
            "Personal Consumption": 0.7802380952380952,
            "Ecosystem Disruption": 0.8447697111631538,
            "Extreme Weather Events": 0.4622053083528493,
            "Health Risks": 0.5748633879781421,
            "Economic Impact": 0.8027777777777778,
            "Displacement and Migration": 0.00819672131147541,
            "Technological Solutions": 3.7173070554218097,
            "Governance and Policy (Solutions)": 1.6977531757859627,
            "Adaptation and Resilience": 0.44380952380952376,
            "Lifestyle Solutions": 0.5525541125541126,
            "Nature-Based Solutions": 1.1698087431693989
        },
        "comment_scores": {
            "Energy and Industry": 1.699047329482112,
            "Land Use and Agriculture": 0.7352941176470589,
            "Governance and Policy (Causes)": 0.7558659584235031,
            "Personal Consumption": 1.056347361078819,
            "Ecosystem Disruption": 0.45,
            "Extreme Weather Events": 1.173529411764706,
            "Health Risks": 0.5054134697357203,
            "Economic Impact": 0.9496938696427188,
            "Displacement and Migration": 0.06666666666666667,
            "Technological Solutions": 3.355493057666971,
            "Governance and Policy (Solutions)": 0.6553544494720964,
            "Adaptation and Resilience": 0.06521739130434782,
            "Lifestyle Solutions": 0.4536455445662607,
            "Nature-Based Solutions": 0.0784313725490196
        },
        "num_of_sub": 29
    },
    "climateoffensive": {
        "scores": {
            "Energy and Industry": 7.799398165229078,
            "Land Use and Agriculture": 1.6680787193746767,
            "Governance and Policy (Causes)": 4.950484460006905,
            "Personal Consumption": 8.088318694306027,
            "Ecosystem Disruption": 7.716391281047573,
            "Extreme Weather Events": 6.288827944700038,
            "Health Risks": 2.0538959043417604,
            "Economic Impact": 4.116193630733092,
            "Displacement and Migration": 1.4749369879885765,
            "Technological Solutions": 8.850122194291687,
            "Governance and Policy (Solutions)": 5.36416365501415,
            "Adaptation and Resilience": 0.7132480533940757,
            "Lifestyle Solutions": 2.4014427150989928,
            "Nature-Based Solutions": 4.514497594473365
        },
        "comment_scores": {
            "Energy and Industry": 8.928315129794926,
            "Land Use and Agriculture": 2.2035166268134927,