{
    "climate": {
        "scores": {
            "Energy and Industry": 39.77776519909933,
            "Land Use and Agriculture": 5.707349217437544,
            "Governance and Policy (Causes)": 17.21440740678619,
            "Personal Consumption": 6.575900219599282,
            "Ecosystem Disruption": 22.884858578959715,
            "Extreme Weather Events": 42.317729231241174,
            "Health Risks": 12.91833570707626,
            "Economic Impact": 16.111179371352268,
            "Displacement and Migration": 3.1595557757804285,
            "Technological Solutions": 19.2437675217915,
            "Governance and Policy (Solutions)": 17.29625359158102,
            "Adaptation and Resilience": 2.6449901865023726,
            "Lifestyle Solutions": 1.3044398723220636,
            "Nature-Based Solutions": 5.843468120470875
        },
        "comment_scores": {
            "Energy and Industry": 47.41907005190042,
            "Land Use and Agriculture": 7.818994039346932,
            "Governance and Policy (Causes)": 17.350502504696568,
            "Personal Consumption": 15.590942004282065,
            "Ecosystem Disruption": 18.854588292875494,
            "Extreme Weather Events": 28.463080142225508,
            "Health Risks": 9.19719904586961,
            "Economic Impact": 17.605020259439847,
            "Displacement and Migration": 4.538226671282297,
            "Technological Solutions": 21.104482173209117,
            "Governance and Policy (Solutions)": 17.062317285268442,
            "Adaptation and Resilience": 2.3726369323097547,
            "Lifestyle Solutions": 4.025307560439904,
            "Nature-Based Solutions": 3.5976330368540124
        },
        "num_of_sub": 225
    },
    "climatechange": {
        "scores": {
            "Energy and Industry": 24.69404754890684,
            "Land Use and Agriculture": 9.52467236328069,
            "Governance and Policy (Causes)": 14.872239049393542,
            "Personal Consumption": 8.601745543776595,
            "Ecosystem Disruption": 29.235178786022644,
            "Extreme Weather Events": 69.99104279719947,
            "Health Risks": 13.200173058464925,
            "Economic Impact": 10.80200443985493,
            "Displacement and Migration": 7.990555655214016,
            "Technological Solutions": 21.19544220791811,
            "Governance and Policy (Solutions)": 15.359786222440096,
            "Adaptation and Resilience": 2.7644680587489225,
            "Lifestyle Solutions": 2.229755899686219,
            "Nature-Based Solutions": 9.53888836909304
        },
        "comment_scores": {
            "Energy and Industry": 37.75679192165289,
            "Land Use and Agriculture": 8.706178073580741,
            "Governance and Policy (Causes)": 12.952407225973412,
            "Personal Consumption": 15.0925506310848,
            "Ecosystem Disruption": 29.675753469496374,
            "Extreme Weather Events": 62.91138895042329,
            "Health Risks": 6.911309896501155,
            "Economic Impact": 18.856484106593303,
            "Displacement and Migration": 6.283080347311185,
            "Technological Solutions": 26.84958226712073,
            "Governance and Policy (Solutions)": 11.714556411116174,
            "Adaptation and Resilience": 3.88723639623252,
            "Lifestyle Solutions": 3.6826030021856995,
            "Nature-Based Solutions": 7.7200773007276995
        },
        "num_of_sub": 280
    },
    "climateskeptics": {
        "scores": {
            "Energy and Industry": 3.113408232491494,
            "Land Use and Agriculture": 0.9472853343331555,
            "Governance and Policy (Causes)": 3.319232878044211,
            "Personal Consumption": 1.323070029404162,
            "Ecosystem Disruption": 1.2027577967184708,
            "Extreme Weather Events": 6.4194999656667235,
            "Health Risks": 0.453459288496285,
            "Economic Impact": 2.1044522448330683,
            "Displacement and Migration": 0.13852813852813853,
            "Technological Solutions": 3.4951999573060615,
            "Governance and Policy (Solutions)": 3.316703727778565,
            "Adaptation and Resilience": 0.05439846533296794,
            "Lifestyle Solutions": 1.0280898876404494,
            "Nature-Based Solutions": 0.08391405342624855
        },
        "comment_scores": {
            "Energy and Industry": 9.161303408785175,
            "Land Use and Agriculture": 1.1984508588908933,
            "Governance and Policy (Causes)": 4.934188338157783,
            "Personal Consumption": 5.033359859095155,
            "Ecosystem Disruption": 3.3366028135310914,
            "Extreme Weather Events": 11.430534051924992,
            "Health Risks": 2.0439833550127666,
            "Economic Impact": 2.86344243907483,
            "Displacement and Migration": 1.9263605442176868,
            "Technological Solutions": 6.891873948473632,
            "Governance and Policy (Solutions)": 5.252878533318568,
            "Adaptation and Resilience": 0.41367489670121244,
            "Lifestyle Solutions": 1.0615352807789782,
            "Nature-Based Solutions": 0.45181167203723593
        },
        "num_of_sub": 61
    },
    "climateactionplan": {
        "scores": {
            "Energy and Industry": 6.796173105443555,
            "Land Use and Agriculture": 1.6576387765606413,
            "Governance and Policy (Causes)": 2.4217685347594826,
            "Personal Consumption": 1.6350873467666636,
            "Ecosystem Disruption": 2.963579556288788,
            "Extreme Weather Events": 0.8942188830134827,
            "Health Risks": 1.2218173112478548,
            "Economic Impact": 2.293072755417956,
            "Displacement and Migration": 0.0191857323004864,
            "Technological Solutions": 6.0382394373424075,
            "Governance and Policy (Solutions)": 2.247704984466424,
            "Adaptation and Resilience": 0.5055921855921856,
            "Lifestyle Solutions": 1.1175534290714555,
            "Nature-Based Solutions": 2.1883679617286176
        },
        "comment_scores": {
            "Energy and Industry": 3.561951454342759,
            "Land Use and Agriculture": 1.0009946007388464,
            "Governance and Policy (Causes)": 1.9751896299210876,
            "Personal Consumption": 2.5738594383735047,
            "Ecosystem Disruption": 0.744314381270903,
            "Extreme Weather Events": 1.2170076726342711,
            "Health Risks": 0.7073365466587973,
            "Economic Impact": 1.4731981431469923,
            "Displacement and Migration": 0.06666666666666667,
            "Technological Solutions": 5.434441404006621,
            "Governance and Policy (Solutions)": 1.4978665267667826,
            "Adaptation and Resilience": 0.06521739130434782,
            "Lifestyle Solutions": 1.2730899890107052,
            "Nature-Based Solutions": 0.40886615515771524
        },
        "num_of_sub": 48
    },
    "climateoffensive": {
        "scores": {
            "Energy and Industry": 10.17525489586116,
            "Land Use and Agriculture": 2.42431535536741,
            "Governance and Policy (Causes)": 6.222772120998032,
            "Personal Consumption": 9.748939367314376,
            "Ecosystem Disruption": 8.602612133365989,
            "Extreme Weather Events": 6.888141503769694,
            "Health Risks": 3.2336707636288144,
            "Economic Impact": 4.486712328979647,
            "Displacement and Migration": 2.474936987988577,
            "Technological Solutions": 11.286291400923025,
            "Governance and Policy (Solutions)": 6.451597514835686,
            "Adaptation and Resilience": 1.2267360416574173,
            "Lifestyle Solutions": 2.47836579202207,
            "Nature-Based Solutions": 5.2996537932881
        },
        "comment_scores": {
            "Energy and Industry": 10.143468362805303,
            "Land Use and Agriculture": 2.260961827115836,