{
    "climate": {
        "scores": {
            "Energy and Industry": 40.00282913771825,
            "Land Use and Agriculture": 5.707349217437544,
            "Governance and Policy (Causes)": 17.491982204821344,
            "Personal Consumption": 6.623519267218328,
            "Ecosystem Disruption": 23.047039393314442,
            "Extreme Weather Events": 43.19359696964088,
            "Health Risks": 12.961813967945824,
            "Economic Impact": 16.73095771747332,
            "Displacement and Migration": 3.284124443827358,
            "Technological Solutions": 19.431300505999676,
            "Governance and Policy (Solutions)": 17.559122507263236,
            "Adaptation and Resilience": 2.7967175441120835,
            "Lifestyle Solutions": 1.3044398723220636,
            "Nature-Based Solutions": 5.865207250905657
        },
        "comment_scores": {
            "Energy and Industry": 48.58181514993963,
            "Land Use and Agriculture": 7.818994039346932,
            "Governance and Policy (Causes)": 17.638737798814216,
            "Personal Consumption": 15.590942004282065,
            "Ecosystem Disruption": 18.88400005758138,
            "Extreme Weather Events": 29.312099750068647,
            "Health Risks": 9.19719904586961,
            "Economic Impact": 17.92854967120455,
            "Displacement and Migration": 4.538226671282297,
            "Technological Solutions": 21.133893937915,
            "Governance and Policy (Solutions)": 17.350552579386086,
            "Adaptation and Resilience": 2.4020486970156374,
            "Lifestyle Solutions": 4.025307560439904,
            "Nature-Based Solutions": 3.5976330368540124
        },
        "num_of_sub": 228
    },
    "climatechange": {
        "scores": {
            "Energy and Industry": 24.69404754890684,
            "Land Use and Agriculture": 9.52467236328069,
            "Governance and Policy (Causes)": 14.872239049393542,
            "Personal Consumption": 8.601745543776595,
            "Ecosystem Disruption": 29.235178786022644,
            "Extreme Weather Events": 69.99104279719947,
            "Health Risks": 13.200173058464925,
            "Economic Impact": 10.80200443985493,
            "Displacement and Migration": 7.990555655214016,
            "Technological Solutions": 21.19544220791811,
            "Governance and Policy (Solutions)": 15.359786222440096,
            "Adaptation and Resilience": 2.7644680587489225,
            "Lifestyle Solutions": 2.229755899686219,
            "Nature-Based Solutions": 9.53888836909304
        },
        "comment_scores": {
            "Energy and Industry": 38.39192705678803,
            "Land Use and Agriculture": 8.706178073580741,
            "Governance and Policy (Causes)": 12.952407225973412,
            "Personal Consumption": 15.17363171216588,
            "Ecosystem Disruption": 29.729807523550427,
            "Extreme Weather Events": 62.96544300447734,
            "Health Risks": 6.96536395055521,
            "Economic Impact": 18.897024647133843,
            "Displacement and Migration": 6.283080347311185,
            "Technological Solutions": 26.890122807661278,
            "Governance and Policy (Solutions)": 11.714556411116174,
            "Adaptation and Resilience": 3.92777693677306,
            "Lifestyle Solutions": 3.6826030021856995,
            "Nature-Based Solutions": 7.7200773007276995
        },
        "num_of_sub": 281
    },
    "climateskeptics": {
        "scores": {
            "Energy and Industry": 3.151869770953032,
            "Land Use and Agriculture": 0.9472853343331555,
            "Governance and Policy (Causes)": 3.35769441650575,
            "Personal Consumption": 1.323070029404162,
            "Ecosystem Disruption": 1.279680873641548,
            "Extreme Weather Events": 7.0348845810513385,
            "Health Risks": 0.453459288496285,
            "Economic Impact": 2.1044522448330683,
            "Displacement and Migration": 0.13852813852813853,
            "Technological Solutions": 3.6875076496137535,
            "Governance and Policy (Solutions)": 3.3551652662401033,
            "Adaptation and Resilience": 0.05439846533296794,
            "Lifestyle Solutions": 1.0280898876404494,
            "Nature-Based Solutions": 0.08391405342624855
        },
        "comment_scores": {
            "Energy and Industry": 9.161303408785175,
            "Land Use and Agriculture": 1.36511752555756,
            "Governance and Policy (Causes)": 4.934188338157783,
            "Personal Consumption": 5.033359859095155,
            "Ecosystem Disruption": 3.5032694801977584,
            "Extreme Weather Events": 12.097200718591658,
            "Health Risks": 2.0439833550127666,
            "Economic Impact": 2.86344243907483,
            "Displacement and Migration": 1.9263605442176868,
            "Technological Solutions": 6.891873948473632,
            "Governance and Policy (Solutions)": 5.252878533318568,
            "Adaptation and Resilience": 0.41367489670121244,
            "Lifestyle Solutions": 1.0615352807789782,
            "Nature-Based Solutions": 0.45181167203723593
        },
        "num_of_sub": 62
    },
    "climateactionplan": {
        "scores": {
            "Energy and Industry": 6.605222599451489,
            "Land Use and Agriculture": 1.6266582641445992,
            "Governance and Policy (Causes)": 2.2032711407312897,
            "Personal Consumption": 1.5972269236822396,
            "Ecosystem Disruption": 2.876352370875843,
            "Extreme Weather Events": 0.8663910731706366,
            "Health Risks": 1.132488375809369,
            "Economic Impact": 2.1497883703640523,
            "Displacement and Migration": 0.018613387978142076,
            "Technological Solutions": 7.169553704466755,
            "Governance and Policy (Solutions)": 2.0352403641340486,
            "Adaptation and Resilience": 0.48566034498801963,
            "Lifestyle Solutions": 1.0982433625674322,
            "Nature-Based Solutions": 2.1352897176360845
        },
        "comment_scores": {
            "Energy and Industry": 3.4664112668627753,
            "Land Use and Agriculture": 0.9487726098191215,
            "Governance and Policy (Causes)": 1.9065105238101279,
            "Personal Consumption": 2.3912309637693108,
            "Ecosystem Disruption": 0.7352564102564103,
            "Extreme Weather Events": 1.2107558139534884,
            "Health Risks": 0.6834531225550522,
            "Economic Impact": 1.4055655468013213,
            "Displacement and Migration": 0.0625,
            "Technological Solutions": 6.101126163681829,
            "Governance and Policy (Solutions)": 1.4327970156458527,
            "Adaptation and Resilience": 0.06382978723404255,
            "Lifestyle Solutions": 1.2498057257767798,
            "Nature-Based Solutions": 0.341985049833887
        },
        "num_of_sub": 49
    },
    "climateoffensive": {
        "scores": {
            "Energy and Industry": 9.849097231632607,
            "Land Use and Agriculture": 2.40689120499055,
            "Governance and Policy (Causes)": 6.026840548019063,
            "Personal Consumption": 9.625735197694588,
            "Ecosystem Disruption": 8.55707618327175,
            "Extreme Weather Events": 6.071546954389811,
            "Health Risks": 3.185215291598542,
            "Economic Impact": 4.225889031205655,
            "Displacement and Migration": 2.4717684879737694,
            "Technological Solutions": 14.370631174853354,
            "Governance and Policy (Solutions)": 6.257767372556568,
            "Adaptation and Resilience": 1.2209312179983751,
            "Lifestyle Solutions": 2.462253003943221,
            "Nature-Based Solutions": 5.268357099872144
        },
        "comment_scores": {
            "Energy and Industry": 9.853394248857422,
            "Land Use and Agriculture": 2.244762723224579,